{
  "logloss": 0.6162142168270679,
  "AUC": 0.7273265788228641,
  "rmse": 0.4621562763651658,
  "mse": 0.2135884237837155,
  "accuracy": 0.6655041217501585
}